y_test,Predicted y_test
3750.0,3745.8613
1100.0,914.18463
2500.0,2818.66
233.0,292.39584
666.0,651.5807
780.0,732.2107
500.0,463.29068
1167.0,1102.459
2700.0,2193.147
300.0,342.9424
1050.0,1129.4016
3650.0,3459.6387
800.0,930.8011
530.0,553.01056
300.0,509.3891
1600.0,1497.426
1200.0,1365.8674
3200.0,3714.6467
900.0,815.2555
2000.0,2164.0664
550.0,650.62885
450.0,537.2977
1969.0,1337.4464
1000.0,796.66705
2400.0,2525.22
1153.0,999.3263
900.0,1048.1748
1550.0,1742.591
1000.0,1125.1396
6500.0,5154.9277
960.0,911.3478
800.0,815.35187
1400.0,1074.3287
650.0,585.8399
2750.0,2614.0708
500.0,424.37628
500.0,600.52734
580.0,631.8673
3000.0,3230.7266
2300.0,2315.2412
905.0,991.438
1400.0,1263.9092
480.0,604.80615
566.0,594.9722
800.0,1081.7439
400.0,489.90182
900.0,911.7478
1400.0,1417.7996
1050.0,911.4327
400.0,318.3683
950.0,793.2929
734.0,707.074
1000.0,744.7297
1050.0,1071.5343
900.0,896.2146
850.0,1170.821
900.0,911.7478
1000.0,1032.2858
400.0,437.88986
635.0,905.0084
2000.0,2075.9617
800.0,924.1312
900.0,936.4889
5000.0,4352.2793
700.0,997.1918
1785.0,1857.1277
2500.0,2523.8823
800.0,1016.5098
1000.0,1111.29
1300.0,1538.1035
300.0,377.1281
1000.0,1050.76
333.0,465.43832
1000.0,1046.9011
1250.0,1039.7574
900.0,1121.3097
800.0,829.4814
1100.0,1224.3192
400.0,528.62146
1467.0,1544.5204
800.0,834.3044
1311.0,1323.5073
400.0,576.16473
3200.0,3141.4382
800.0,611.21857
1500.0,1917.5154
700.0,773.4416
460.0,561.1799
600.0,640.469
3000.0,2893.608
1333.0,1371.9896
1073.0,1068.0944
1100.0,586.15546
2000.0,2113.9922
1300.0,1298.4623
700.0,842.8893
333.0,309.13058
800.0,730.42004
1333.0,1538.5247
375.0,640.0915
1250.0,1196.4683
1875.0,1824.2247
1000.0,934.8366
2400.0,2339.7268
300.0,349.6539
533.0,612.71533
750.0,721.93445
500.0,655.8659
2000.0,1518.857
2800.0,3181.241
2000.0,1942.0109
500.0,677.5663
533.0,491.51944
300.0,370.0762
1000.0,989.5822
3500.0,2558.495
700.0,724.82904
1396.0,1204.4312
2400.0,1949.8699
1509.0,1380.768
1000.0,888.744
634.0,634.3947
400.0,1620.6243
2100.0,2147.0156
3150.0,2851.887
600.0,748.52716
1200.0,878.675
540.0,510.5342
320.0,407.03012
500.0,511.34528
850.0,918.51544
1833.0,1743.0466
567.0,1104.0018
1833.0,1774.3995
1235.0,1117.1526
435.0,489.29395
1600.0,1943.8506
1100.0,944.55347
350.0,499.96912
750.0,787.6133
433.0,448.22296
465.0,422.22906
714.0,651.5807
400.0,403.64838
2600.0,2629.3276
1151.0,1215.2521
3250.0,3253.112
2250.0,2239.7393
850.0,793.04016
1000.0,931.45544
200.0,221.91447
1400.0,1395.8971
1000.0,1444.6924
450.0,433.94858
320.0,416.5069
1833.0,1743.0466
1300.0,1000.3282
2333.0,1743.0466
2000.0,1910.4236
266.0,316.11993
250.0,291.6757
1600.0,1279.4393
233.0,316.1922
800.0,732.622
1000.0,931.45544
1200.0,907.315
2800.0,2278.743
5000.0,4852.082
1250.0,1406.5397
6000.0,6979.5728
1900.0,1982.0758
900.0,881.35034
1000.0,931.83765
1200.0,1126.4305
2250.0,2912.3772
1100.0,1220.0955
3500.0,3237.0898
500.0,1452.4048
740.0,692.36304
272.0,659.44635
1750.0,1657.9504
2000.0,1455.5249
2500.0,2523.8823
1235.0,1005.3938
3150.0,2912.3772
500.0,582.65686
380.0,372.65784
1200.0,1110.7847
850.0,979.1278
800.0,737.8872
700.0,840.3935
800.0,832.9743
1682.0,1357.3976
1000.0,1039.4275
900.0,932.6487
1667.0,1688.0701
333.0,436.61078
3750.0,3050.485
150.0,260.23538
800.0,857.8403
500.0,569.2285
1400.0,1388.9333
1134.0,1137.4303
800.0,932.00653
933.0,1049.573
2250.0,2335.7668
4200.0,3823.5125
3200.0,2881.1228
530.0,595.0985
700.0,730.0888
1000.0,1140.6737
600.0,630.2695
500.0,507.58984
500.0,492.76822
700.0,882.6215
800.0,869.6632
1800.0,1724.7072
900.0,973.31195
900.0,911.7478
465.0,422.77658
500.0,614.5911
750.0,1058.181
635.0,604.04663
1000.0,1242.3674
2300.0,1904.1195
1100.0,752.8319
800.0,975.1463
1500.0,1517.9587
766.0,721.06165
700.0,755.4388
900.0,780.45667
2665.0,2078.6042
800.0,888.6538
1000.0,1051.1469
450.0,605.31085
1000.0,947.31287
800.0,806.7906
750.0,787.6133
400.0,479.18546
2500.0,1988.8993
634.0,702.1071
1333.0,1340.5044
1650.0,1686.8257
3000.0,2893.608
300.0,543.713
1400.0,1336.4966
1235.0,1168.0192
2533.0,2180.7556
1800.0,1607.2819
1198.0,1046.0693
550.0,553.01056
900.0,900.71234
800.0,947.31287
4000.0,3965.6704
550.0,741.89
2727.0,3244.1128
600.0,592.1719
417.0,513.4096
1500.0,1398.2412
1300.0,916.3501
1100.0,926.77405
3500.0,3955.5005
650.0,613.5642
400.0,424.37628
467.0,374.8366
800.0,900.71234
1000.0,744.464
350.0,343.71558
1400.0,1560.6185
350.0,382.83557
400.0,428.36
875.0,757.4841
3250.0,3697.4548
800.0,583.6334
980.0,921.0334
2250.0,2143.0286
535.0,551.61395
1050.0,697.0512
850.0,874.54974
1150.0,1318.9489
2000.0,2276.4067
813.0,813.194
3200.0,2252.1128
2000.0,1197.3594
2700.0,3026.7366
1000.0,1031.1013
700.0,570.8097
666.0,710.254
835.0,631.4761
240.0,275.45914
1500.0,2399.9556
1167.0,1304.1688
1000.0,1261.2245
1900.0,1733.9777
400.0,638.7137
1000.0,934.5376
1222.0,513.4096
1000.0,967.405
1169.0,1259.8234
850.0,877.17566
2950.0,2825.389
567.0,452.3023
1000.0,1055.9485
1250.0,1145.3003
1000.0,1093.6783
1150.0,1111.29
2000.0,1647.3342
700.0,824.03064
900.0,870.33624
1300.0,1338.1797
1000.0,897.22876
2400.0,2947.9258
320.0,309.8407
600.0,634.96545
1875.0,1551.9194
2500.0,2252.1128
965.0,1128.9749
2200.0,1846.5048
600.0,720.8449
700.0,619.3551
3100.0,3282.9749
1150.0,1069.7034
548.0,626.4009
600.0,891.5573
733.0,677.81836
1200.0,959.2367
2000.0,1982.7069
1800.0,1753.7131
700.0,773.4416
1000.0,1114.0498
500.0,458.14288
900.0,860.93896
1200.0,1363.3027
533.0,529.6959
1650.0,1779.5527
773.0,905.0084
600.0,569.2285
735.0,782.9377
900.0,1142.909
2000.0,1875.6072
2600.0,2520.9482
1000.0,1044.0416
933.0,1061.948
550.0,601.84686
1080.0,838.75287
1450.0,1330.3326
1250.0,1023.9924
2980.0,2583.6594
900.0,1288.0912
4250.0,1655.5436
600.0,676.65497
250.0,423.68906
769.0,791.92004
2200.0,2070.328
2666.0,2942.6948
620.0,512.90735
2000.0,1681.7264
800.0,900.7941
450.0,456.0583
700.0,568.6568
500.0,1008.7383
1800.0,1747.2743
2133.0,2088.9292
600.0,766.82
440.0,467.08026
2000.0,1875.6072
200.0,221.91447
500.0,724.6968
1015.0,1014.2652
1510.0,1554.621
950.0,1088.0769
785.0,803.5848
1666.0,1381.8569
240.0,368.20538
934.0,953.2376
1000.0,1012.74316
2000.0,1612.7959
950.0,1283.2037
1850.0,1637.0352
1100.0,1126.83
1400.0,1420.9325
1401.0,1259.074
500.0,516.8777
399.0,453.43155
2500.0,2776.744
200.0,221.91447
600.0,741.6509
1500.0,1404.7563
1110.0,785.49963
435.0,564.52716
900.0,881.35034
1300.0,1157.7792
460.0,622.1943
850.0,932.8471
1200.0,1162.0696
3000.0,2456.6633
534.0,641.6911
1000.0,1005.9297
450.0,494.17737
1000.0,815.69244
800.0,925.96277
428.0,565.7574
2300.0,1694.2063
1666.0,1630.8667
3800.0,3745.764
733.0,636.6899
800.0,848.9669
600.0,654.68396
533.0,422.0495
350.0,480.59616
600.0,606.15845
1800.0,1643.24
500.0,789.8033
3344.0,3432.3389
1000.0,1057.5144
600.0,696.3255
833.0,710.254
2000.0,1682.0815
1900.0,1724.5765
2000.0,1963.5238
700.0,819.36896
3000.0,3056.9883
900.0,1685.1466
1667.0,1712.0625
733.0,777.6176
500.0,484.36603
500.0,753.73615
565.0,501.50885
2000.0,2423.9932
700.0,795.6378
400.0,543.713
1550.0,1690.5997
350.0,409.88004
500.0,662.68677
1300.0,1418.9927
499.0,522.7725
2850.0,1892.3617
500.0,729.8794
500.0,646.6293
500.0,594.81696
750.0,773.04333
987.0,777.6176
1100.0,1166.8804
1334.0,1510.5464
1333.0,1324.1168
900.0,1093.4808
1700.0,1981.2158
1600.0,1690.1112
600.0,664.02466
2300.0,2180.7556
1300.0,1343.5205
1100.0,1084.5424
1100.0,752.8319
3333.0,1210.161
600.0,471.80524
333.0,309.13058
500.0,636.6899
2300.0,2378.5635
2000.0,1966.5203
400.0,396.08167
1600.0,1830.2051
1267.0,1248.9513
733.0,969.0023
700.0,834.22986
233.0,367.22067
450.0,421.5759
800.0,756.0553
1200.0,802.1411
1300.0,1328.124
700.0,696.2426
1600.0,1494.1056
3000.0,2676.0542
435.0,450.82413
565.0,591.44806
400.0,469.15717
1500.0,1513.1826
600.0,668.66504
500.0,835.18964
650.0,636.4593
2748.0,2050.8054
1000.0,956.99554
1734.0,1493.8268
3500.0,3324.3503
2165.0,2318.3926
1267.0,1114.0498
1050.0,1222.8889
1100.0,1013.1027
833.0,696.3255
300.0,366.71255
2700.0,2691.8306
2000.0,1994.755
1800.0,1793.2772
433.0,582.71436
500.0,566.72955
400.0,545.186
1500.0,1432.2653
1500.0,1429.9369
1500.0,1680.6974
400.0,428.55072
1000.0,956.0476
3800.0,3715.4714
1000.0,1003.4086
2500.0,2825.389
1500.0,1225.2754
1500.0,1398.2412
665.0,591.44806
1800.0,1422.8696
600.0,614.07855
350.0,392.38425
200.0,221.91447
550.0,773.04333
700.0,655.1468
1000.0,1067.0624
3251.0,2169.7795
1100.0,1150.5001
1867.0,1994.9901
400.0,419.2623
5000.0,2947.475
1000.0,933.8936
450.0,566.9557
400.0,457.31546
600.0,815.2307
1200.0,1261.0558
2300.0,2156.4785
3000.0,2969.4548
2600.0,2291.911
1400.0,1521.4097
650.0,744.7199
550.0,612.71606
1900.0,2378.5635
1800.0,1779.5527
970.0,1106.6064
661.0,684.8568
1250.0,1646.4338
500.0,737.8872
1750.0,1617.7219
658.0,869.81866
1600.0,1499.6655
1600.0,841.00275
2200.0,2276.4067
1123.0,1055.257
950.0,877.99445
1450.0,1406.2019
1400.0,767.09625
1300.0,1553.2834
1500.0,1380.9338
1200.0,1869.8116
2200.0,2080.2866
2600.0,2624.3484
450.0,426.9189
500.0,600.9986
700.0,733.3896
457.0,515.00476
1100.0,1009.03314
1150.0,987.4969
4200.0,4356.044
125.0,277.0842
540.0,690.65765
600.0,556.57996
2300.0,2417.8555
1000.0,968.6726
450.0,586.15546
1000.0,1011.8235
400.0,482.38602
2680.0,2268.662
650.0,646.5714
3650.0,3149.348
1000.0,934.8366
3000.0,2979.6213
667.0,1016.5026
667.0,796.66705
600.0,500.90286
470.0,579.6419
1000.0,1071.7223
1265.0,1338.3268
586.0,595.7055
600.0,630.22107
450.0,543.1059
1333.0,1259.8234
800.0,800.79553
1500.0,1244.1866
1778.0,1803.2445
1200.0,1242.1421
1000.0,768.9321
1630.0,1889.9888
2500.0,2403.0444
1600.0,1914.126
1100.0,837.71124
533.0,754.6785
600.0,830.4366
700.0,753.73615
1234.0,1220.2551
1000.0,1011.8235
800.0,963.3385
465.0,610.9888
750.0,970.3199
765.0,880.32776
3000.0,2640.6384
734.0,913.1174
835.0,1476.0883
4000.0,3883.3574
300.0,433.0551
2800.0,2851.887
1100.0,1232.1829
1300.0,1421.0488
600.0,565.3128
800.0,950.862
1000.0,1050.76
1500.0,1614.0122
1000.0,1050.76
2650.0,2637.6233
4200.0,4177.2876
2000.0,999.3263
1500.0,1401.23
600.0,575.4128
667.0,630.47565
500.0,619.52924
533.0,436.61078
3467.0,2495.0205
3000.0,2743.0432
200.0,225.17271
4500.0,4423.301
634.0,611.7589
1080.0,1095.2115
1000.0,995.0077
665.0,784.808
1100.0,1121.3097
1300.0,1340.2274
1800.0,1601.7822
360.0,367.3405
534.0,611.7589
580.0,496.78305
500.0,569.43713
1000.0,642.4612
500.0,637.56964
300.0,371.4698
2733.0,2431.2632
1000.0,1050.7238
1400.0,1508.73
500.0,683.08307
300.0,416.09515
1267.0,1363.3027
250.0,228.04619
1950.0,1701.1888
1000.0,1039.1337
777.0,941.0089
1350.0,1138.1815
450.0,612.4469
513.0,553.4228
600.0,500.90286
1000.0,1088.9751
1000.0,1259.4408
900.0,942.2403
769.0,834.712
1500.0,1402.4316
1200.0,1212.7196
335.0,371.4698
600.0,737.3592
1100.0,1107.427
293.0,400.64194
500.0,524.78564
600.0,622.1943
500.0,484.72772
1100.0,1084.5424
800.0,879.54456
500.0,405.8315
933.0,886.22986
500.0,444.42572
1333.0,1227.9087
466.0,416.5684
675.0,550.4717
550.0,746.6791
1665.0,2035.4556
2000.0,1985.4484
1300.0,1079.2968
500.0,516.8777
1300.0,1122.8254
600.0,533.46893
1600.0,1620.1271
2700.0,2621.337
1100.0,1229.3864
1000.0,990.7987
4000.0,3822.8333
955.0,1096.9635
2300.0,1899.1274
400.0,568.3008
200.0,817.298
300.0,422.77658
1100.0,1301.0803
1000.0,1039.7574
600.0,603.95764
400.0,498.73694
3250.0,3253.112
533.0,575.4128
1600.0,1453.6971
400.0,402.85272
1350.0,1407.2653
900.0,900.1126
466.0,543.2434
2665.0,2708.422
500.0,550.7233
400.0,548.53796
1200.0,812.7377
150.0,290.67838
1000.0,973.0529
4321.0,4141.77
2750.0,2436.207
650.0,647.2444
1400.0,2502.0264
1150.0,1324.1958
800.0,729.84106
500.0,501.75885
667.0,872.08624
1000.0,1141.8737
400.0,450.91147
800.0,1879.453
1100.0,1045.2903
950.0,734.94495
800.0,818.35126
980.0,1016.0625
2142.0,1337.4464
667.0,696.3255
3800.0,3796.2278
500.0,580.53766
1000.0,872.7075
1000.0,853.4333
667.0,1198.4501
100.0,247.72105
600.0,346.5575
700.0,683.18005
3500.0,2997.08
667.0,442.4367
1000.0,1066.6685
500.0,525.7337
600.0,667.705
633.0,717.7765
800.0,829.4814
475.0,550.4717
1417.0,1333.7368
630.0,742.0807
450.0,605.31085
1034.0,1184.291
1500.0,1654.2875
700.0,841.2825
1350.0,1148.5382
400.0,473.18414
1100.0,1239.3607
1200.0,1390.0945
2400.0,2230.751
465.0,501.50885
1400.0,1267.6862
950.0,1110.7847
2500.0,2191.8198
1200.0,1289.0198
1000.0,1875.6072
2300.0,2349.6472
550.0,627.1432
550.0,584.04346
480.0,534.26056
1900.0,1861.2079
666.0,747.6802
766.0,654.68396
900.0,505.07697
1000.0,642.4612
750.0,794.66266
900.0,1009.0658
425.0,379.775
400.0,563.00073
2600.0,2230.751
1400.0,1374.9048
1950.0,1892.3617
4200.0,4448.145
1200.0,1234.5876
2500.0,1974.9719
700.0,814.2831
1167.0,821.77545
1150.0,1012.9363
1267.0,1353.1263
1100.0,897.95496
2167.0,2926.4204
1000.0,1324.1168
1500.0,1529.7736
1133.0,1200.8109
533.0,608.49506
3400.0,1781.3048
1000.0,979.1278
500.0,528.62146
650.0,577.9558
1330.0,1154.6296
1500.0,1337.0315
100.0,225.17271
500.0,722.8412
448.0,557.8434
650.0,974.4856
750.0,650.9655
1000.0,612.6985
590.0,612.8816
700.0,553.07446
350.0,258.57605
2000.0,2002.396
2200.0,2206.2146
1300.0,1395.8971
6000.0,4998.915
500.0,620.3537
900.0,932.8471
375.0,560.9248
1200.0,1239.5406
565.0,713.8864
767.0,865.7259
1200.0,1462.2429
1100.0,1194.1625
733.0,771.17053
1000.0,1315.2604
846.0,1110.716
867.0,939.6744
600.0,753.73615
651.0,662.24194
900.0,911.7478
1100.0,1141.2733
1250.0,1017.444
2600.0,2427.851
735.0,712.1213
500.0,636.1538
900.0,1011.8235
400.0,481.31662
400.0,417.1514
800.0,747.74677
360.0,367.3405
400.0,783.6885
533.0,504.4276
300.0,395.48193
1300.0,1488.8954
200.0,225.17271
160.0,306.11966
770.0,872.20166
1000.0,749.74554
2360.0,2464.6926
3000.0,3088.6792
1152.0,1235.4464
1910.0,2252.5735
300.0,395.48193
933.0,732.126
2000.0,1917.622
700.0,566.72955
600.0,568.3008
580.0,678.3334
900.0,930.4696
400.0,543.713
1000.0,709.6222
800.0,808.55426
1000.0,642.4612
800.0,546.87866
1767.0,1569.2424
800.0,830.7958
960.0,1017.7175
1500.0,1381.7982
1600.0,1638.8613
800.0,741.1553
665.0,730.42004
1205.0,1053.9104
1500.0,981.3655
2200.0,2456.6106
800.0,696.2426
3334.0,2926.4204
2300.0,2296.3
2500.0,2485.8599
800.0,871.5364
2500.0,2760.0798
1500.0,1254.9628
700.0,655.8659
200.0,225.17271
550.0,647.556
700.0,640.469
1300.0,1363.2875
665.0,575.4128
350.0,428.2072
350.0,422.22906
565.0,657.98346
900.0,832.903
1000.0,863.1561
1400.0,1388.047
1300.0,1252.8673
650.0,708.8078
1333.0,1783.5878
1286.0,1171.1362
900.0,930.4696
800.0,806.7906
2867.0,2377.0544
1600.0,2705.316
1300.0,1225.635
900.0,1038.3604
1000.0,1119.5287
900.0,996.92053
466.0,368.087
1000.0,1123.415
700.0,784.808
1156.0,1217.9813
1250.0,1214.5072
1750.0,1933.6663
1000.0,868.2306
813.0,893.3166
750.0,691.8513
1600.0,1600.9808
1200.0,1389.9653
2000.0,1197.3594
1800.0,2062.3896
1000.0,1240.3538
900.0,911.7478
1500.0,1431.843
1500.0,1165.0897
600.0,651.5177
1550.0,1601.7822
3200.0,3423.4265
1750.0,1135.8679
1850.0,1786.4487
1533.0,1647.3853
1000.0,1125.1396
2000.0,2068.0984
800.0,683.08307
400.0,566.726
600.0,607.07654
1867.0,1712.0625
2900.0,2737.6868
750.0,1127.1721
1500.0,1479.9036
3000.0,2963.4163
1667.0,1324.1168
600.0,777.946
1132.0,1183.9133
800.0,842.8893
1115.0,1124.4979
1750.0,1672.7155
1000.0,1058.105
1200.0,1119.5287
125.0,208.49403
350.0,337.3138
1000.0,1204.0916
2913.0,3805.5007
530.0,433.94858
500.0,520.5158
600.0,634.8939
650.0,599.38434
966.0,1074.6409
1500.0,1275.8154
400.0,569.43713
1250.0,1330.7883
3007.0,2868.3452
800.0,1039.7574
2750.0,2360.7434
1200.0,1198.4501
700.0,723.5355
500.0,452.9893
2100.0,2388.2576
1201.0,977.5758
985.0,1039.8445
500.0,536.5616
784.0,874.2226
900.0,1040.7438
900.0,678.406
1835.0,1658.0259
665.0,688.7236
1000.0,814.8891
700.0,619.3551
750.0,897.2164
945.0,861.22986
758.0,939.45215
700.0,778.86597
2304.0,1966.5203
810.0,829.32056
1250.0,796.38794
500.0,465.72025
420.0,389.24283
1000.0,1097.7738
1350.0,1382.647
1165.0,1380.5288
900.0,581.8038
1900.0,1772.2284
1000.0,1867.8563
190.0,210.85562
1000.0,1042.0098
600.0,432.09293
2039.0,2276.4067
1100.0,1154.7126
800.0,1005.1939
2800.0,2714.3376
1600.0,1608.3549
290.0,349.6539
850.0,1044.6824
1300.0,1170.821
550.0,748.52716
2300.0,1542.4556
400.0,450.91147
800.0,1020.64496
600.0,581.1542
650.0,789.5922
1000.0,1011.8235
770.0,829.4814
870.0,870.2795
700.0,808.09143
665.0,730.42004
1000.0,1045.7086
1154.0,591.34863
400.0,566.726
500.0,630.87573
600.0,656.7342
900.0,796.03235
665.0,816.4446
800.0,1345.8496
735.0,946.40875
886.0,935.91296
1000.0,1011.8235
500.0,493.665
833.0,1106.5408
1050.0,1035.2097
1500.0,1387.893
6500.0,5893.4893
1000.0,1994.9832
800.0,965.4614
500.0,663.3084
1000.0,1062.2504
738.0,763.72626
1998.0,2051.3403
1500.0,1374.9048
735.0,654.9718
1383.0,1365.9509
2150.0,1554.056
1267.0,1143.5608
1250.0,1350.7699
333.0,396.08167
1000.0,1233.9181
800.0,654.71814
330.0,350.04034
634.0,681.9679
688.0,783.31305
370.0,455.49133
3750.0,3228.0134
1300.0,1054.945
140.0,490.23795
820.0,1023.20215
325.0,359.6382
450.0,516.12305
786.0,700.8871
2467.0,2467.567
1175.0,1315.333
800.0,808.55426
1600.0,1038.0175
565.0,604.04663
733.0,891.7376
500.0,458.14288
400.0,492.76822
500.0,839.2908
2000.0,1887.7751
750.0,920.6463
800.0,616.4983
500.0,489.98013
1600.0,1742.3563
700.0,577.2407
1600.0,1942.0109
1114.0,1217.9813
1700.0,2155.3047
520.0,561.1799
900.0,1187.4061
1500.0,1587.298
1100.0,1034.6367
266.0,367.22067
300.0,477.85922
200.0,273.22253
1000.0,1098.9933
1200.0,1390.0945
1665.0,1658.0259
1600.0,1554.621
650.0,505.33386
1000.0,2296.3
1003.0,952.15826
2900.0,2722.811
2100.0,1786.4487
1500.0,1435.6257
1100.0,1017.444
935.0,1155.5181
200.0,220.23254
650.0,290.67838
767.0,760.68646
800.0,990.23303
600.0,732.622
1100.0,1150.5001
1690.0,1949.8062
600.0,642.30994
1900.0,1133.6395
2650.0,2789.1982
1000.0,947.31287
1400.0,1353.5807
700.0,775.9952
1625.0,1571.8551
1000.0,1004.2351
725.0,1060.493
500.0,505.129
1150.0,1182.1346
1500.0,1568.4681
934.0,537.89545
750.0,816.2257
466.0,640.1352
2200.0,2356.967
2900.0,2901.4658
800.0,803.8843
800.0,738.2011
600.0,667.4472
2000.0,1910.4236
465.0,455.49237
1000.0,830.78894
640.0,692.36304
350.0,441.07315
500.0,623.9914
700.0,1077.5734
4300.0,4134.0264
700.0,913.1034
1000.0,976.6772
1200.0,1472.8674
1400.0,1647.2362
600.0,649.416
600.0,636.2383
3750.0,3581.846
800.0,1124.4215
300.0,377.1281
250.0,920.40955
1000.0,892.1841
2334.0,1863.4138
420.0,472.58276
600.0,707.81964
1000.0,1014.9002
2000.0,2055.571
550.0,563.9498
800.0,869.81866
1233.0,1197.5562
1200.0,1314.4938
800.0,932.37494
2267.0,2230.751
750.0,629.8957
500.0,383.43912
1733.0,1647.4628
1800.0,1751.2122
2500.0,2109.933
600.0,637.68176
1000.0,699.35345
1600.0,1446.6334
200.0,221.91447
550.0,890.89404
1100.0,1087.7357
500.0,536.5616
400.0,476.38177
1100.0,862.10455
1900.0,1778.9801
300.0,369.64294
733.0,809.1341
1200.0,1170.821
306.0,299.47263
1765.0,1929.2231
850.0,774.6356
1100.0,909.2505
2000.0,2039.0513
1000.0,988.73553
800.0,784.37744
1800.0,1679.1183
300.0,422.77658
2300.0,2384.432
1250.0,1295.364
357.0,453.43155
400.0,457.82874
1000.0,972.1596
420.0,496.78305
1333.0,1454.0017
400.0,568.6568
1038.0,1055.9485
2380.0,2249.129
480.0,423.56754
1300.0,1109.5488
900.0,1034.8923
2200.0,2791.2263
200.0,263.75204
700.0,698.4078
1000.0,1073.7441
4800.0,4944.4443
633.0,697.63727
1298.0,1187.3616
1200.0,1416.7247
480.0,431.40985
365.0,521.78937
698.0,984.12445
1200.0,1283.2037
1533.0,1861.1151
600.0,803.9076
939.0,968.2726
800.0,710.9937
990.0,1014.2652
1000.0,1571.8551
3545.0,3598.1743
350.0,529.17303
600.0,591.44806
466.0,436.61078
882.0,871.54346
667.0,681.9679
450.0,421.49625
800.0,950.862
4000.0,3744.272
1500.0,1560.5032
1700.0,1077.5734
1600.0,983.3339
2666.0,2264.0842
253.0,346.78625
566.0,501.75885
950.0,872.56396
1500.0,1440.123
1750.0,1947.6147
1050.0,1185.841
1000.0,1353.2836
2900.0,2825.389
1650.0,1710.2146
346.0,365.75827
400.0,498.73694
3750.0,3366.6565
400.0,515.40454
3000.0,2743.0432
1569.0,1755.8905
5900.0,5277.28
1200.0,1183.5322
700.0,712.32666
666.0,747.6802
2200.0,1911.4058
416.0,447.09595
1600.0,1526.9694
1060.0,1302.2087
785.0,778.6793
2500.0,2366.9468
433.0,394.4724
1600.0,1897.5425
900.0,777.90295
310.0,344.63223
1300.0,1785.8473
500.0,482.8497
500.0,529.717
2678.0,2721.9346
1165.0,1030.9552
890.0,1023.20215
195.0,626.37964
800.0,818.8102
2000.0,1754.7728
500.0,482.0631
2900.0,2718.6357
583.0,595.7055
1600.0,1379.2925
1150.0,1108.9043
900.0,606.91595
1400.0,1385.5127
625.0,582.2101
1000.0,1035.4143
1733.0,1826.6455
1420.0,1227.2484
2333.0,2109.353
1500.0,1753.0099
400.0,419.68375
1221.0,1320.3239
1479.0,1514.6165
300.0,342.9424
1333.0,1177.3499
700.0,598.2792
500.0,638.7137
800.0,825.7193
2333.0,2122.8513
1500.0,1470.7817
1097.0,1062.2504
2100.0,1892.9254
3250.0,3186.5388
250.0,359.87347
800.0,913.1034
550.0,591.2863
800.0,750.32874
1000.0,832.80444
3440.0,2917.185
800.0,869.9066
650.0,593.3617
500.0,1050.7238
1000.0,1011.8235
2150.0,2366.6282
500.0,536.5616
1660.0,1614.4026
900.0,942.91174
600.0,687.00885
600.0,657.5209
400.0,407.0903
500.0,795.46497
1165.0,1136.5939
2000.0,1904.5688
500.0,477.85922
600.0,612.8816
400.0,603.6382
500.0,543.713
600.0,708.49445
600.0,869.26697
850.0,1189.0751
1167.0,1102.459
4000.0,3206.6792
733.0,710.9937
400.0,419.81494
3400.0,3313.218
600.0,654.71814
900.0,772.2584
900.0,1429.0289
1400.0,621.26636
2000.0,1550.3995
1750.0,1175.4188
600.0,624.40173
2700.0,2619.3694
1500.0,1457.8881
2000.0,1714.7643
4000.0,3188.2393
800.0,925.3019
1750.0,1730.7238
1500.0,939.76544
3355.0,3169.4404
550.0,556.57996
1000.0,1201.9517
4500.0,3857.135
1333.0,1119.5287
450.0,496.57944
500.0,614.61
2000.0,1637.8577
800.0,783.6885
410.0,473.91864
1950.0,2675.546
3100.0,1729.6104
1500.0,1657.9504
5250.0,5454.257
1133.0,1128.0923
400.0,411.59152
3250.0,3198.8726
720.0,700.8871
800.0,786.0609
900.0,1135.2513
370.0,446.99213
1240.0,1390.7692
250.0,415.6336
400.0,566.72955
1150.0,884.6296
650.0,708.8881
250.0,370.0762
1150.0,1088.0769
3000.0,3434.6653
1850.0,1509.8726
5666.0,4631.0864
1100.0,1088.4138
320.0,311.21875
500.0,492.76822
550.0,703.7461
2100.0,1780.3602
2534.0,2467.567
1835.0,1837.4742
700.0,891.199
2000.0,1620.1271
1467.0,1486.7668
1000.0,558.0843
1050.0,1088.0769
2701.0,2536.808
320.0,456.21753
300.0,309.8407
1334.0,1203.3372
1050.0,1125.1396
1685.0,1771.2445
2200.0,2467.567
400.0,318.39755
400.0,477.85922
800.0,744.6814
3500.0,3503.019
1100.0,1182.1346
1000.0,1449.3231
1000.0,1011.8235
565.0,821.18945
1200.0,961.0273
650.0,696.2426
1100.0,1014.66046
300.0,346.49057
600.0,630.22107
1233.0,1013.3229
567.0,595.54425
2000.0,2125.272
1000.0,1319.1292
733.0,725.37463
334.0,492.6786
1106.0,1155.3801
3250.0,2075.219
1700.0,1569.8268
500.0,483.87866
486.0,528.62146
2334.0,1379.2925
2400.0,2520.4338
750.0,664.85657
2200.0,2377.3557
1335.0,1435.9683
3150.0,3261.7866
2900.0,2726.7158
2900.0,2358.4717
550.0,538.7258
866.0,813.4486
500.0,661.0666
3100.0,3881.4077
1020.0,956.01025
2000.0,1821.6222
3507.0,4035.7815
1600.0,1371.6316
800.0,753.71716
2000.0,2626.658
1500.0,1736.8931
1100.0,1009.03314
665.0,486.12653
700.0,643.703
1200.0,1224.8335
600.0,615.7343
1000.0,1062.2504
550.0,693.9445
3300.0,2878.8774
2133.0,2127.2297
1000.0,1016.07733
666.0,710.9937
4500.0,3985.65
1000.0,1130.7551
951.0,981.9021
1600.0,1474.0748
2800.0,3623.7725
2000.0,1597.4719
1100.0,1175.5194
2400.0,2156.4785
3335.0,3342.954
2000.0,2055.571
900.0,796.38794
650.0,648.9039
1000.0,833.07556
578.0,783.31305
500.0,482.6459
700.0,613.5642
1600.0,1829.924
500.0,659.0594
300.0,366.14444
853.0,974.5117
650.0,835.1084
500.0,715.53235
365.0,422.46957
750.0,516.2505
1140.0,1232.6201
400.0,428.60275
733.0,636.9134
4000.0,2294.0303
700.0,842.2986
1450.0,459.6064
1667.0,1203.3372
990.0,1018.7466
2000.0,1967.158
1300.0,953.873
600.0,616.3206
750.0,932.00653
435.0,453.9604
400.0,432.20255
2000.0,1901.4316
1534.0,1395.5858
2400.0,2252.8452
1250.0,1223.2859
800.0,430.19363
300.0,374.30048
800.0,764.8352
900.0,1070.2758
500.0,484.36603
800.0,786.0609
2050.0,1805.3986
1000.0,1088.6444
1200.0,1219.0231
1666.0,1478.8623
1100.0,1026.9348
446.0,483.428
2000.0,1999.7041
1600.0,1687.7328
2600.0,2370.4053
600.0,754.6785
1500.0,1596.6006
800.0,595.38715
233.0,328.2042
1000.0,1037.9535
3000.0,3181.1477
500.0,456.21753
4000.0,2518.0496
800.0,690.0897
2334.0,2520.4338
1000.0,1265.4978
1000.0,1011.8235
200.0,350.79187
2615.0,2464.129
400.0,513.4096
1000.0,1206.3214
350.0,323.96786
600.0,654.3375
850.0,1039.7574
850.0,795.46497
550.0,526.93726
250.0,237.87323
500.0,539.4894
1750.0,1685.1466
5600.0,5783.466
650.0,732.15063
700.0,924.1312
400.0,428.43124
400.0,432.58334
1000.0,979.8865
400.0,452.44263
600.0,578.9289
400.0,346.125
1333.0,1327.8817
600.0,522.4836
650.0,612.71606
4500.0,4096.693
1247.0,869.81866
1700.0,1419.1339
800.0,675.54425
1700.0,1557.735
1333.0,1353.1263
400.0,350.04034
3800.0,2882.7166
667.0,835.29785
1200.0,1162.0696
1100.0,1095.8635
500.0,510.69397
1200.0,1162.0696
1333.0,1278.7944
620.0,634.81696
700.0,829.8464
666.0,747.6802
1600.0,1638.5371
667.0,681.9679
800.0,942.4702
300.0,415.6336
1666.0,2229.5945
1800.0,1761.9266
3700.0,3770.1455
1000.0,1371.9896
2250.0,2186.3635
700.0,758.1308
964.0,746.8337
2334.0,2520.4338
6000.0,6097.0093
1400.0,1337.0472
560.0,1408.71
423.0,671.4288
1500.0,3152.7039
1950.0,1892.5354
1250.0,1293.523
500.0,559.4693
2100.0,1315.974
2419.0,1337.4464
3750.0,1861.0416
500.0,691.3685
6000.0,5517.5083
1300.0,1472.171
1300.0,1283.4161
2500.0,2217.698
750.0,853.7687
3100.0,2882.7166
350.0,328.4895
1167.0,1090.0952
900.0,1011.8235
1400.0,1646.4338
1200.0,1162.0696
3300.0,3423.6802
1400.0,1406.1411
2400.0,2141.5813
800.0,869.9066
533.0,578.9289
300.0,419.68375
1100.0,822.5734
1300.0,1238.7092
1000.0,1069.0804
6000.0,3319.6023
500.0,552.6133
1428.0,1293.523
300.0,454.93182
320.0,309.8407
2333.0,2167.0925
400.0,448.55768
600.0,524.5149
1070.0,1017.7175
500.0,411.59152
1500.0,1544.5204
600.0,999.3263
1600.0,1632.7828
400.0,432.58334
375.0,488.96124
2500.0,2552.4646
1100.0,1394.6711
800.0,929.9891
400.0,383.43912
650.0,741.89
650.0,746.77386
1750.0,1685.1466
266.0,346.24927
567.0,524.78564
2200.0,2060.213
530.0,554.08887
665.0,709.86865
1400.0,1330.1195
1500.0,1494.1056
2100.0,2508.513
500.0,567.79486
2250.0,2445.1985
2200.0,2144.9722
665.0,842.2986
1534.0,1479.1309
500.0,627.50275
1600.0,1713.8949
1333.0,1263.4336
900.0,813.4918
1700.0,1751.8923
950.0,1080.7025
600.0,568.0475
2000.0,1891.7618
500.0,638.7137
1134.0,1016.5026
1240.0,1226.0292
1300.0,1489.9087
700.0,808.55426
1000.0,1011.8235
1435.0,1398.7979
2200.0,2193.147
1200.0,1202.3766
1000.0,1012.74316
3000.0,2639.9092
1250.0,1406.2019
1600.0,1560.5032
600.0,708.49805
300.0,395.48193
733.0,703.5954
900.0,1127.1721
750.0,855.4564
266.0,367.22067
600.0,575.4128
900.0,747.49817
200.0,321.75595
700.0,747.5848
735.0,746.65625
450.0,535.87573
900.0,932.6487
450.0,461.53955
800.0,829.5838
847.0,864.6817
1200.0,1173.8972
1000.0,971.57294
3000.0,3119.1074
250.0,315.1395
1550.0,1716.2811
900.0,911.7478
1000.0,862.5338
500.0,567.79486
1800.0,2144.8838
1800.0,1361.2637
665.0,564.52716
350.0,370.0762
500.0,541.9244
500.0,543.713
2068.0,1846.4615
1400.0,715.07477
1650.0,1751.7358
2166.0,1221.0063
933.0,1049.573
980.0,1068.1327
2201.0,2258.2788
1000.0,1029.3944
750.0,625.81573
1500.0,1469.8508
4250.0,4053.0676
800.0,600.9986
1000.0,1032.441
1100.0,870.90393
900.0,787.6133
500.0,616.01843
650.0,735.55554
400.0,528.5687
1400.0,1544.5204
500.0,575.6324
750.0,769.9793
1400.0,1224.3192
1300.0,1240.514
1200.0,1392.3862
2500.0,2159.4736
2500.0,2013.162
375.0,586.9828
994.0,1014.2652
250.0,325.93292
500.0,552.97217
1200.0,1073.3917
666.0,1102.1545
667.0,660.18585
2000.0,1875.5193
586.0,594.9722
425.0,422.22906
600.0,461.53955
335.0,360.83765
5000.0,4531.06
1100.0,1117.4364
1100.0,985.21857
850.0,932.8471
450.0,586.15546
900.0,1002.3123
3300.0,3579.3718
850.0,1023.20215
2000.0,2026.6678
1300.0,1600.9808
2100.0,1962.7378
1300.0,1395.8971
575.0,731.12616
920.0,1303.737
765.0,654.9718
1000.0,959.2367
1150.0,984.47565
1250.0,1689.8711
1400.0,1544.5204
350.0,464.0824
700.0,776.5254
1435.0,1153.5745
330.0,325.93292
2118.0,2086.9639
1200.0,1201.2809
950.0,1271.097
400.0,512.90735
1150.0,1143.3478
2100.0,2141.5813
432.0,483.428
1000.0,589.4067
1000.0,802.63495
2000.0,2008.0153
2300.0,2316.3345
365.0,489.29395
850.0,886.8503
2000.0,2007.0331
2900.0,2767.72
665.0,739.4362
2135.0,2334.2195
750.0,831.13495
433.0,405.553
1767.0,1559.1819
1335.0,1435.9683
1100.0,1131.0256
2467.0,2650.2598
756.0,643.51984
1600.0,1478.01
450.0,835.5285
1500.0,1599.5701
400.0,407.0903
1700.0,1582.5958
386.0,488.84158
2667.0,1910.3195
1250.0,1144.9006
1480.0,1471.2166
600.0,560.77814
875.0,594.30347
500.0,683.08307
1600.0,1516.3125
600.0,659.67957
2000.0,1966.5203
2000.0,1873.6294
400.0,398.30746
300.0,360.83765
2150.0,1885.8135
350.0,346.125
2900.0,2859.8508
1500.0,1163.2925
635.0,739.4362
1200.0,1278.7944
1067.0,935.5859
700.0,654.3375
553.0,465.72025
2200.0,2758.2231
1100.0,1162.0427
600.0,662.4058
500.0,4686.622
600.0,698.0854
3064.0,2868.485
3500.0,3503.019
1000.0,1040.9337
1650.0,1419.7631
1200.0,1418.9927
2500.0,2965.0557
1750.0,1140.1855
667.0,717.7765
900.0,1079.291
520.0,627.1432
400.0,368.087
1000.0,542.17053
2067.0,2467.567
400.0,589.2884
667.0,589.98737
567.0,729.8794
435.0,591.2988
320.0,407.03012
2500.0,2144.8838
700.0,910.0432
1000.0,1101.4796
1300.0,1037.1405
733.0,703.5954
650.0,746.77386
600.0,634.8939
1669.0,2276.4067
900.0,955.06396
620.0,498.23322
1200.0,1162.0696
2700.0,2230.7004
2011.0,1803.2445
866.0,802.1411
400.0,563.9498
1000.0,1051.1469
533.0,556.0271
765.0,711.03235
1000.0,1102.459
500.0,528.62146
1400.0,1402.0746
1665.0,2068.0984
1900.0,1782.3533
700.0,369.64294
869.0,642.4612
2000.0,1826.6455
900.0,881.35034
5667.0,4315.566
666.0,622.96375
1750.0,1588.4763
800.0,776.5254
1100.0,1236.1194
420.0,486.12653
1900.0,1782.3533
1100.0,962.2864
667.0,703.5954
400.0,471.80524
250.0,331.57745
2000.0,1541.5282
1800.0,1782.829
2400.0,1397.5449
700.0,965.4614
1297.0,1259.1199
468.0,502.04956
915.0,861.22986
975.0,825.9073
2454.0,2366.6282
2400.0,1948.3641
1500.0,1279.4393
2000.0,1846.4615
600.0,543.9342
1200.0,1010.24805
945.0,961.93884
1900.0,1766.1174
1000.0,888.744
800.0,1240.514
400.0,419.23944
600.0,723.2198
2000.0,1831.6223
714.0,869.81866
600.0,585.26373
800.0,681.4783
300.0,329.55066
1000.0,935.5859
1200.0,529.0777
750.0,850.7522
400.0,727.81287
750.0,710.2889
700.0,768.4782
700.0,832.903
2850.0,3385.4902
2000.0,1934.6001
450.0,569.9147
3200.0,3475.4944
775.0,798.66736
1167.0,1114.0498
667.0,834.3044
500.0,536.5616
1385.0,1055.7867
1785.0,1803.2445
2400.0,2376.256
2000.0,1631.8461
1243.0,1635.9308
600.0,654.3172
800.0,921.70074
900.0,1429.0289
200.0,221.91447
1000.0,1055.2618
900.0,1040.9337
1835.0,1658.0259
750.0,745.9404
1000.0,687.00885
3452.0,3483.16
467.0,525.1735
1010.0,865.0194
3250.0,3253.112
835.0,842.2986
833.0,791.92004
1000.0,967.71643
800.0,1285.4114
700.0,747.5848
1350.0,1271.097
650.0,566.197
600.0,696.7165
1700.0,1442.0665
550.0,712.7485
500.0,612.4357
1030.0,1037.3414
882.0,881.33746
1000.0,1011.8235
1500.0,1494.1056
2000.0,1932.4065
800.0,746.6791
1000.0,724.56866
1400.0,1368.888
2000.0,1948.3641
700.0,637.68176
500.0,654.8882
500.0,734.4166
1000.0,1058.181
1800.0,1158.3982
333.0,465.43832
850.0,795.46497
700.0,740.8012
700.0,721.9308
700.0,629.8957
2400.0,2377.3557
1000.0,1026.2279
1850.0,1747.0804
325.0,435.06876
500.0,438.86923
1200.0,1119.5287
1000.0,815.2555
1000.0,1223.4495
372.0,642.4612
600.0,708.71796
1675.0,1573.939
500.0,330.95425
435.0,422.46957
450.0,569.9147
4000.0,2989.6807
2000.0,1875.5193
500.0,550.4717
400.0,422.20255
1900.0,1769.6438
400.0,386.44934
233.0,309.13058
1600.0,1553.8911
533.0,725.37463
999.0,747.6802
1000.0,613.5103
800.0,890.92993
2065.0,2020.2483
400.0,414.01807
1500.0,1341.4446
735.0,569.68304
470.0,455.49133
3500.0,3564.3289
850.0,893.8508
715.0,758.1391
500.0,536.5616
950.0,777.9147
1000.0,932.00653
750.0,1239.5406
1150.0,1441.2405
3000.0,2300.4927
300.0,407.60724
3400.0,3313.218
2250.0,2504.2168
700.0,787.2066
1800.0,1504.4562
1100.0,1377.9445
1000.0,1220.0955
550.0,588.85156
735.0,739.4362
1100.0,1424.9785
1000.0,868.2306
480.0,496.78305
900.0,897.0887
1200.0,1138.3406
1150.0,911.4327
2100.0,2173.8481
2200.0,2583.3645
315.0,435.06876
1950.0,1645.4315
2000.0,1647.3342
800.0,937.3289
1100.0,1150.5001
1400.0,1410.7156
650.0,568.6568
900.0,1175.1594
850.0,932.8471
1100.0,1099.7825
967.0,1169.7822
1266.0,1307.0823
850.0,911.7478
400.0,467.08026
1200.0,1196.4683
1667.0,1564.9921
355.0,378.50897
2500.0,2019.9252
226.0,292.39584
800.0,1130.4291
440.0,461.1253
600.0,593.5781
1000.0,1071.7223
365.0,501.50885
950.0,1382.6312
800.0,747.74677
350.0,588.85156
5600.0,3678.3228
1250.0,999.3263
400.0,447.4753
700.0,691.8513
3500.0,3051.3848
1800.0,1625.5885
950.0,754.8417
2800.0,2865.0647
800.0,606.15845
1866.0,1667.3757
900.0,1125.1396
2165.0,2708.422
1600.0,1936.6978
1167.0,1068.2164
1520.0,2143.0286
2250.0,1738.784
700.0,502.69205
2000.0,908.1629
500.0,422.20255
1800.0,1724.413
1000.0,811.08545
850.0,922.1395
360.0,476.38177
1160.0,1254.4304
900.0,807.7958
500.0,600.52734
900.0,935.21844
1267.0,1114.0498
350.0,390.12738
500.0,566.726
400.0,529.79395
1800.0,2275.2764
600.0,866.9617
734.0,651.48315
800.0,814.43567
500.0,536.5616
1900.0,1911.4058
1600.0,1587.2905
769.0,712.1213
1467.0,1315.2604
1200.0,1501.4377
833.0,862.0583
1800.0,1133.5687
600.0,833.07556
625.0,781.1363
1000.0,900.912
1300.0,1085.5066
800.0,1015.8492
2165.0,2421.6853
1900.0,1700.706
2484.0,1437.7487
3500.0,2558.495
600.0,634.81696
1435.0,1508.73
1500.0,1402.4316
800.0,830.7958
300.0,526.93726
225.0,258.57605
1750.0,1685.1466
1900.0,1947.6089
2800.0,2417.8555
550.0,642.30994
2600.0,2387.0276
2000.0,1735.7996
1300.0,945.50073
2100.0,2081.5032
1667.0,1528.599
900.0,911.7478
800.0,579.6419
520.0,658.1238
629.0,625.01556
500.0,375.0366
1500.0,1376.0118
285.0,237.87323
200.0,208.49403
333.0,331.73438
1780.0,1649.578
2000.0,1948.2526
983.0,933.99774
400.0,422.23752
800.0,866.53253
1030.0,1144.8636
900.0,886.16675
567.0,717.7765
800.0,689.29266
400.0,407.27496
500.0,889.86365
2500.0,2997.08
500.0,511.03864
1380.0,2143.0286
1400.0,1376.0118
600.0,634.8939
300.0,428.55072
2352.0,2109.409
1333.0,1638.8934
2000.0,1950.3955
2000.0,1669.3147
2600.0,2403.0444
880.0,978.42596
905.0,968.2726
2200.0,2525.22
1000.0,1060.493
500.0,588.75336
500.0,477.85922
280.0,714.5669
1350.0,1353.2377
1000.0,1098.2391
466.0,462.88663
700.0,649.6588
700.0,984.2014
266.0,346.24927
1000.0,1075.4741
1000.0,729.67413
280.0,346.125
3000.0,4350.4736
750.0,632.5454
735.0,632.5102
500.0,623.9914
1200.0,1105.4381
933.0,1222.8214
600.0,732.15063
1000.0,995.6675
800.0,977.6341
714.0,1101.4496
1850.0,1766.1174
1400.0,1120.8386
1800.0,2257.5046
1100.0,1026.9348
1005.0,776.3649
525.0,435.06876
1500.0,1039.1337
1846.0,1511.8994
1000.0,868.2306
2900.0,1998.1924
700.0,777.90295
1333.0,1198.4501
1100.0,1040.7438
400.0,473.91864
733.0,697.63727
900.0,900.1126
650.0,698.39105
1700.0,1670.7144
3400.0,3605.6326
1000.0,991.8441
250.0,390.05606
667.0,621.1036
900.0,788.7349
750.0,870.262
1000.0,1197.3594
1000.0,775.1531
535.0,596.8398
620.0,764.814
933.0,1102.459
3679.0,4362.594
2400.0,2046.3047
1465.0,1471.565
1400.0,1282.4979
600.0,718.4466
600.0,662.4058
700.0,655.0723
200.0,360.83765
1850.0,1649.578
390.0,453.43155
3000.0,3475.4292
550.0,596.97253
400.0,469.15717
450.0,410.5813
1066.0,1207.4653
1066.0,1166.183
600.0,526.22534
400.0,360.2527
600.0,678.406
3400.0,2997.08
1600.0,1899.5752
2921.0,3087.7708
1500.0,1568.4681
2000.0,1943.4943
1340.0,1432.2653
1050.0,714.5669
515.0,629.4114
467.0,545.79144
2750.0,2216.4172
867.0,735.5106
500.0,642.30994
466.0,593.7577
333.0,361.34195
2000.0,1380.9338
800.0,1444.6924
2100.0,2025.2432
666.0,636.57434
1235.0,842.2986
260.0,299.05215
700.0,747.49817
1000.0,871.2758
1000.0,722.0672
350.0,468.79904
800.0,696.7223
667.0,729.8794
500.0,616.10376
1900.0,1857.3556
433.0,429.4467
1000.0,1069.0804
2800.0,2727.5847
1000.0,1223.9965
1500.0,1469.8508
1326.0,1420.5823
2000.0,2125.8086
900.0,622.44476
900.0,926.6111
2455.0,2615.9797
1400.0,1246.4446
1500.0,1439.5354
1250.0,1685.2333
900.0,815.06555
1000.0,1004.36536
2000.0,1875.5193
1133.0,1022.9201
500.0,471.78757
1000.0,1050.76
1100.0,1121.3097
750.0,1004.83685
700.0,719.69037
1000.0,821.18945
3334.0,3205.9597
600.0,604.04663
535.0,618.1403
500.0,546.9484
400.0,580.95795
1900.0,2080.2263
400.0,482.8497
1980.0,1875.6072
2100.0,1644.842
980.0,922.0047
400.0,430.67926
400.0,382.83557
400.0,461.1253
1900.0,1874.3357
800.0,786.0609
665.0,614.10913
2800.0,2495.7473
700.0,742.0297
1150.0,1899.2313
513.0,595.7055
3000.0,2743.0432
533.0,575.4128
1365.0,1398.7979
800.0,923.41656
500.0,692.6002
1300.0,783.89685
500.0,748.4333
500.0,569.2285
1000.0,1010.50745
400.0,407.0903
500.0,652.1846
1000.0,1151.7279
733.0,1237.4601
430.0,382.40988
907.0,1030.9552
700.0,647.2444
667.0,772.8623
2200.0,2110.0215
950.0,897.22876
300.0,354.25116
600.0,617.6081
400.0,447.4753
765.0,688.7236
1000.0,1430.7839
2000.0,2408.0925
500.0,646.6293
1000.0,1014.80536
400.0,746.77386
2000.0,1846.4615
1333.0,1469.8508
600.0,831.13495
2000.0,1784.7195
938.0,921.5643
1300.0,1316.0386
665.0,807.83936
600.0,850.44727
720.0,1023.20215
500.0,536.5616
1000.0,1018.7466
480.0,377.5333
1700.0,1569.8268
1534.0,1544.5204
900.0,1009.277
600.0,773.4416
600.0,691.3685
300.0,354.83835
400.0,471.80524
1500.0,1206.3214
900.0,933.99774
1600.0,1453.4585
1100.0,1160.2659
1200.0,1081.7439
450.0,599.1394
545.0,510.5342
570.0,719.6673
1800.0,2431.0422
400.0,547.63055
1100.0,1053.4016
1000.0,1011.8235
600.0,661.64984
450.0,362.68723
1100.0,1150.5001
700.0,815.80853
1275.0,1324.1958
2000.0,3173.8984
3000.0,2706.6072
555.0,710.254
1933.0,1930.4258
1600.0,1350.8359
1000.0,1124.4979
1100.0,768.7962
400.0,868.2306
900.0,953.0683
800.0,830.7958
1167.0,1102.459
1200.0,1196.4446
350.0,368.1348
665.0,711.03235
886.0,759.889
2000.0,2075.219
1350.0,1535.6897
600.0,746.77386
350.0,388.74957
1100.0,3094.2554
1150.0,1016.88684
666.0,660.2836
1000.0,988.2529
3300.0,3113.8762
1500.0,1410.7156
2000.0,2017.6061
800.0,701.6142
666.0,747.6802
1032.0,996.0969
600.0,565.3128
2334.0,2141.5813
666.0,641.10614
1000.0,984.47565
700.0,733.11884
500.0,623.9914
533.0,593.7577
850.0,867.2301
500.0,718.4466
500.0,536.5616
600.0,1025.1091
700.0,747.49817
1200.0,1166.8804
1800.0,1848.4287
2900.0,1781.3048
2600.0,2647.786
1820.0,1600.9808
1600.0,1764.1343
1000.0,888.9629
800.0,791.9225
2487.0,2500.76
450.0,583.43884
455.0,642.4612
700.0,704.05743
1400.0,716.25586
2900.0,2912.3772
869.0,1234.2726
500.0,475.14767
1700.0,1892.9254
1600.0,1560.6185
433.0,524.78564
400.0,447.4753
700.0,737.0162
3000.0,2993.0527
1665.0,1407.2614
1070.0,1427.3296
3000.0,2822.038
2000.0,1929.0159
734.0,492.5671
1150.0,1315.333
1383.0,1365.9509
600.0,667.4472
600.0,634.3947
729.0,871.752
1550.0,1450.0354
667.0,592.48267
3200.0,2789.1982
1200.0,1111.29
1200.0,1220.0955
1700.0,1572.452
467.0,442.4367
2166.0,1667.3757
250.0,315.1395
2165.0,2276.5305
500.0,600.9986
550.0,591.2863
1800.0,2208.976
1300.0,1383.814
1667.0,1484.1426
2128.0,2252.5503
734.0,750.83203
500.0,511.18784
1300.0,929.9891
500.0,521.0929
2600.0,2201.1848
1000.0,924.322
1850.0,2002.396
3200.0,3467.5635
2020.0,1899.1517
2134.0,2638.2786
3000.0,2403.0444
1166.0,1066.6685
1000.0,1069.0804
565.0,713.8864
400.0,450.91147
515.0,567.42535
900.0,834.22986
1750.0,2095.9714
1467.0,1454.0017
795.0,803.5848
900.0,1130.566
924.0,949.66125
400.0,398.30746
1500.0,1642.5619
550.0,591.2863
350.0,568.1354
1400.0,1328.4431
540.0,724.795
1200.0,1347.1946
5000.0,4380.4766
2400.0,2349.1902
250.0,321.75595
1300.0,1524.6409
800.0,832.903
500.0,596.06915
560.0,795.7892
800.0,709.86865
1600.0,1936.9166
1600.0,1739.7948
1333.0,1017.07544
1000.0,642.4612
750.0,819.36896
3750.0,3620.43
1100.0,1076.5762
1000.0,857.1542
320.0,372.60788
3000.0,2713.6826
2250.0,2192.6895
1692.0,1963.5238
1950.0,1658.7119
2733.0,2768.9438
1000.0,729.65753
1130.0,1302.2087
550.0,604.53766
1500.0,1416.7247
991.0,816.30743
1300.0,1351.261
3866.0,2878.8774
1665.0,1684.473
700.0,857.1542
3500.0,3299.5012
400.0,594.81696
665.0,709.86865
2500.0,1234.3033
1000.0,1125.1396
434.0,456.21753
535.0,651.6371
1500.0,1373.2137
1800.0,1775.0233
734.0,602.5866
600.0,669.0903
850.0,850.60376
1765.0,1505.6411
1200.0,1110.7847
2000.0,978.776
1300.0,1775.0233
500.0,567.79486
500.0,542.5921
550.0,712.7485
1000.0,935.7509
1600.0,1328.4431
3700.0,3696.8604
750.0,697.63727
3800.0,3662.453
2230.0,1601.532
850.0,846.0654
1665.0,1501.0695
1900.0,1657.7128
467.0,804.939
1500.0,1081.1357
1500.0,1505.6946
1250.0,1212.1616
1500.0,1366.5966
3513.0,3244.1128
980.0,921.0334
1000.0,947.31287
350.0,456.0583
1600.0,1736.8931
1300.0,1097.9846
1067.0,1039.1337
500.0,584.2363
433.0,464.40198
1000.0,1273.8142
834.0,874.58844
700.0,752.8319
1300.0,1376.4138
1250.0,1181.9524
2000.0,2002.396
2000.0,1966.5203
500.0,624.1494
1300.0,1305.868
1200.0,1378.6143
1950.0,2030.0691
1740.0,2013.5563
1000.0,1852.0597
1400.0,1345.7751
2000.0,2074.8445
3000.0,2725.5813
435.0,526.94336
3600.0,3205.3474
2900.0,2969.4548
900.0,1009.4705
1700.0,1802.3291
1200.0,1283.3726
850.0,816.34973
700.0,791.1466
2900.0,2580.5476
1200.0,1368.888
1000.0,812.7377
1700.0,1693.2625
960.0,1017.7175
665.0,711.03235
500.0,646.6293
962.0,957.60455
910.0,932.8471
1200.0,1154.839
500.0,505.07697
280.0,335.68585
270.0,344.63223
1120.0,926.54614
1400.0,1409.1775
900.0,718.1962
2333.0,2267.0583
1920.0,1949.8062
3500.0,3606.2778
800.0,681.94226
700.0,1027.4913
750.0,567.01495
265.0,366.14444
700.0,748.52716
400.0,594.4728
500.0,747.37915
1000.0,834.22986
400.0,423.68906
3500.0,2490.0457
2000.0,1847.3125
1000.0,772.777
600.0,761.3416
570.0,646.5714
410.0,496.78305
2800.0,2910.501
1800.0,1710.9872
700.0,781.96277
2700.0,2186.1016
625.0,889.86365
334.0,456.21753
767.0,717.7765
550.0,560.9248
1000.0,1034.8923
500.0,566.726
400.0,448.22296
566.0,422.0495
1135.0,1213.194
1150.0,1143.3478
1071.0,1059.5914
1200.0,602.2234
2000.0,2135.4148
750.0,608.51733
3600.0,3332.0608
1400.0,1787.2666
600.0,617.6081
2600.0,2709.5906
2550.0,2611.2139
500.0,661.0666
2750.0,2947.475
300.0,395.48193
1400.0,1404.7563
1500.0,1429.9369
934.0,857.8403
2900.0,2775.0317
700.0,710.9937
1400.0,1380.6884
585.0,637.68176
500.0,655.8659
1500.0,1560.5032
2000.0,2159.4736
2600.0,2853.6567
835.0,724.2014
2000.0,1911.6793
500.0,450.91147
1300.0,1102.459
2300.0,2396.4172
1000.0,918.73236
2300.0,2252.1128
1400.0,1407.4962
1834.0,1907.1011
625.0,571.2305
333.0,369.5856
400.0,481.31662
1400.0,1417.7996
900.0,1029.8197
4200.0,3945.6724
1400.0,1483.7567
1500.0,1201.9517
300.0,509.7207
900.0,891.2415
1000.0,864.9462
600.0,632.5454
500.0,621.29846
1665.0,1340.5044
533.0,545.79144
1334.0,1155.5326
2300.0,2296.3
600.0,710.9937
1060.0,1095.8635
1400.0,1368.888
1300.0,1392.3862
250.0,359.6382
550.0,663.24255
734.0,621.1036
2000.0,1965.5914
600.0,761.3416
900.0,751.336
400.0,456.21753
500.0,591.2988
1667.0,1474.4042
280.0,331.57745
4286.0,3563.1006
1000.0,1069.0804
1000.0,894.9142
500.0,566.69977
690.0,658.3703
2500.0,2323.7856
300.0,464.47552
887.0,862.2079
1000.0,1018.8237
265.0,379.775
2500.0,2485.8599
867.0,1049.7023
1300.0,1345.863
800.0,1111.0819
1750.0,1417.3389
2265.0,2290.61
1800.0,1746.9585
3250.0,3050.485
960.0,1017.7175
1000.0,880.35565
2000.0,1837.8059
1000.0,862.07776
1000.0,796.03235
1200.0,1119.5287
1150.0,1076.1082
1000.0,1324.1168
1340.0,1259.777
1667.0,1166.2916
570.0,646.5714
800.0,796.98517
200.0,316.1922
800.0,938.7038
1900.0,1662.5823
1650.0,1686.8257
1100.0,1117.4364
500.0,688.25714
900.0,881.35034
600.0,597.03235
2700.0,2825.389
610.0,631.8673
200.0,331.57745
750.0,650.62885
750.0,808.75073
600.0,698.2318
1400.0,1203.3955
300.0,443.25656
786.0,594.30347
1000.0,887.99786
925.0,958.6725
1100.0,1035.2097
700.0,697.63727
900.0,975.82825
1067.0,1173.9886
605.0,586.9828
1000.0,787.3468
300.0,366.71255
500.0,612.4357
365.0,481.31662
1400.0,1610.1404
600.0,576.6025
700.0,857.8403
1200.0,1124.4215
1000.0,1037.509
2700.0,2187.339
733.0,654.68396
4800.0,4626.9736
4500.0,4177.2876
466.0,419.2623
800.0,837.7213
1500.0,1449.3231
1443.0,2132.0469
250.0,217.72105
1900.0,1866.0007
860.0,911.3478
900.0,911.7478
1500.0,1449.15
4500.0,3581.846
2900.0,3040.3083
820.0,813.194
700.0,709.3427
600.0,419.68375
635.0,618.1403
800.0,910.0432
450.0,691.8513
500.0,407.0216
333.0,430.19363
1400.0,1336.4966
1000.0,1130.7551
1000.0,932.00653
900.0,915.2131
2000.0,1708.3112
1700.0,1757.1133
667.0,825.3597
1122.0,1180.7626
500.0,625.2673
900.0,671.15216
1533.0,1558.4547
380.0,382.83557
2400.0,2543.4644
900.0,1431.0288
1750.0,1617.7219
500.0,698.2318
350.0,487.07983
1000.0,869.81866
1134.0,1249.178
2838.0,2276.4067
500.0,737.3592
1600.0,1457.0618
500.0,676.65497
1000.0,1224.8335
1000.0,957.01624
3000.0,2989.861
2000.0,1853.5117
1540.0,1821.812
1000.0,1029.7705
400.0,590.1113
850.0,814.8891
240.0,306.11966
1750.0,1382.6833
850.0,714.5669
1500.0,1481.4194
1367.0,1102.459
300.0,370.0762
2000.0,1797.0157
1200.0,2102.8503
775.0,756.7475
1000.0,1112.5653
1500.0,797.8592
400.0,348.77377
1000.0,830.78894
635.0,480.3629
1050.0,1046.9011
455.0,498.1478
1000.0,871.5364
1300.0,1135.7965
1000.0,1296.6571
190.0,223.17538
1433.0,1571.2941
400.0,566.69977
1333.0,1958.525
1000.0,864.9562
700.0,556.3335
880.0,959.2367
750.0,816.2257
1800.0,1600.5205
3250.0,3253.112
365.0,411.59152
1100.0,855.14716
900.0,785.108
950.0,1088.0769
1860.0,1095.8635
3200.0,3328.7993
1200.0,758.1308
735.0,631.4761
2300.0,2543.1704
1800.0,2017.6061
1300.0,1240.514
2900.0,1693.0577
400.0,718.4466
700.0,796.7591
1500.0,1470.7817
1033.0,1200.8109
2000.0,2159.4736
1167.0,1318.8633
1300.0,2395.5903
500.0,742.0297
650.0,716.363
1800.0,1793.2772
700.0,619.8712
6000.0,5647.91
800.0,830.7958
1150.0,1321.4755
800.0,816.7373
500.0,484.36603
1000.0,1040.9337
800.0,1125.1396
900.0,911.7478
438.0,482.8497
1333.0,1232.6201
400.0,545.186
500.0,569.83734
600.0,662.68677
2400.0,2424.147
500.0,599.46515
500.0,582.2816
850.0,860.2195
500.0,536.5616
2250.0,2287.806
500.0,434.01907
1500.0,1599.7473
1000.0,1348.2458
1150.0,1147.4307
768.0,681.9679
666.0,840.0936
700.0,635.90704
1180.0,1080.7025
1100.0,1038.0175
1100.0,1408.71
1300.0,884.6296
1200.0,971.1933
2400.0,2081.5032
1000.0,1048.1748
800.0,1052.4917
1333.0,1682.2036
1150.0,942.4198
600.0,669.0903
300.0,371.4698
1750.0,1685.1466
842.0,861.22986
2000.0,1741.4684
1100.0,1205.7803
1200.0,1196.4683
1450.0,1742.3563
980.0,1062.2504
500.0,452.9893
800.0,596.1803
2800.0,2816.1482
665.0,761.3416
500.0,536.5616
835.0,1223.9846
1200.0,1559.1785
400.0,342.9424
1000.0,1010.50745
800.0,830.7958
435.0,453.9604
1000.0,989.5822
500.0,542.7668
440.0,414.91284
1500.0,1443.1802
900.0,886.273
1466.0,626.37964
1000.0,686.9486
2800.0,2310.5251
1600.0,1808.6917
733.0,836.4879
1033.0,580.40576
600.0,662.13934
1400.0,1462.6461
2100.0,1906.394
1100.0,1263.4336
2200.0,2106.8735
400.0,428.55072
700.0,718.1962
1000.0,1238.4132
750.0,758.60803
1100.0,1116.214
643.0,513.4096
400.0,746.77386
1333.0,1198.4501
833.0,864.2332
965.0,748.3067
366.0,396.08167
4000.0,2518.0496
1400.0,1417.7996
2000.0,1753.5566
533.0,608.49506
1600.0,1619.6919
1700.0,2342.593
900.0,881.09424
900.0,918.73236
500.0,623.9914
3399.0,3432.3389
330.0,546.9484
1800.0,1899.1274
300.0,450.91147
867.0,750.83203
2000.0,1714.7643
1500.0,2063.7607
2800.0,2848.8433
633.0,771.7208
1390.0,1217.9813
300.0,452.77866
1667.0,1712.0625
3000.0,2924.618
1666.0,2229.5945
1000.0,957.01624
1217.0,1187.3616
800.0,896.2146
733.0,710.9937
500.0,510.26697
800.0,754.1429
1833.0,1560.5406
2800.0,2199.9636
556.0,578.69244
600.0,752.4638
486.0,623.3607
600.0,723.4841
1030.0,1062.2504
1266.0,1025.0485
1800.0,1675.9792
1067.0,1137.4303
750.0,879.54456
650.0,747.23346
2300.0,2365.3838
835.0,882.2693
260.0,306.11966
2000.0,2062.9395
1800.0,2327.3894
435.0,737.942
1000.0,1078.7279
200.0,237.87323
1000.0,1011.8235
3000.0,2807.541
1400.0,1116.2494
500.0,615.1135
1670.0,1551.2334
800.0,721.9308
466.0,1105.3977
1000.0,1324.1168
300.0,348.53372
1600.0,1541.1409
1500.0,1395.8971
2333.0,2438.7341
800.0,669.416
3000.0,2839.818
1285.0,1184.4292
2000.0,1803.8678
520.0,623.5163
467.0,646.6293
1550.0,1280.0981
500.0,447.09595
800.0,772.2584
1800.0,1826.6455
765.0,790.99146
1367.0,1353.1263
3000.0,2103.144
3400.0,3011.326
3100.0,3083.8184
200.0,513.4096
2000.0,1229.3605
1360.0,1185.4789
2500.0,2552.4646
415.0,458.90778
225.0,208.49403
286.0,309.13058
1467.0,1518.6056
3210.0,3262.0615
1750.0,1685.1466
330.0,325.93292
650.0,706.25024
450.0,549.1734
900.0,911.7478
1100.0,868.29785
400.0,515.40454
500.0,493.82544
1300.0,1485.0557
4500.0,4443.149
600.0,525.0781
2000.0,1892.5354
4800.0,4669.9346
500.0,556.57996
800.0,970.5958
800.0,631.46783
1600.0,2191.8152
330.0,709.6289
1150.0,1204.9473
933.0,730.328
1000.0,1104.3091
3000.0,3296.724
1000.0,1010.50745
500.0,484.5141
2250.0,2253.0305
834.0,681.94226
1400.0,1394.1007
2034.0,2061.2883
533.0,575.4128
300.0,419.68375
386.0,429.01797
1866.0,1875.5193
400.0,456.21753
1100.0,1374.9048
600.0,531.3901
925.0,1023.20215
1200.0,1020.5189
1600.0,1620.1271
600.0,833.07556
850.0,871.5364
600.0,813.7717
334.0,456.21753
575.0,746.77386
500.0,594.9722
3342.0,3432.3389
540.0,567.42535
700.0,1129.6611
575.0,708.8078
900.0,1152.9236
1000.0,978.4895
3000.0,2823.4192
1900.0,1781.6713
1260.0,939.45215
1000.0,908.43695
905.0,2125.8086
3200.0,2586.2915
4000.0,3258.1782
1600.0,1525.9113
1000.0,881.39465
900.0,802.701
950.0,921.0334
1000.0,999.2854
1100.0,1210.8655
1866.0,1975.1849
500.0,496.61133
2300.0,1454.7655
1067.0,1030.7594
2000.0,1689.8711
1030.0,1213.3807
750.0,1114.5588
1500.0,1561.7695
1000.0,1246.4446
556.0,586.9828
300.0,319.39264
650.0,833.6798
2000.0,1812.204
1000.0,913.5622
2367.0,1703.2911
333.0,346.24927
675.0,672.01434
2021.0,1353.3954
1866.0,1826.03
600.0,727.1036
500.0,536.5616
300.0,399.52972
2250.0,2361.285
800.0,710.9937
4000.0,3994.9248
1300.0,1204.0916
700.0,755.4388
625.0,830.0076
900.0,637.1481
500.0,484.72772
233.0,367.22067
700.0,729.65753
1000.0,1066.6685
1500.0,1771.5356
2200.0,1896.9623
1570.0,1615.4056
600.0,612.71606
500.0,620.3015
1230.0,1108.0015
300.0,584.12415
1100.0,1408.4501
600.0,706.4407
250.0,228.04619
2600.0,2060.213
1100.0,1349.2899
718.0,702.48474
450.0,1437.6792
665.0,730.42004
3564.0,3483.16
600.0,522.9724
2000.0,2069.0237
175.0,336.27615
850.0,632.5454
1234.0,1114.0498
1000.0,847.33875
1300.0,1283.3726
225.0,542.1447
1665.0,1805.3982
670.0,665.8309
800.0,1174.2617
2250.0,1688.7493
310.0,496.78305
1500.0,1433.3872
330.0,583.2868
2333.0,2667.9727
200.0,331.57745
700.0,478.50928
570.0,672.01434
433.0,448.22296
3300.0,3277.128
300.0,338.38428
950.0,1088.0769
1500.0,1713.6083
500.0,485.19418
1665.0,1911.6793
1435.0,1268.4447
435.0,585.26373
450.0,336.27615
1000.0,985.0364
1167.0,1114.4008
3600.0,3594.9329
500.0,668.67303
600.0,718.1962
466.0,448.22296
1000.0,1010.14703
700.0,842.8893
1900.0,2117.081
3800.0,3467.5635
2017.0,1900.0603
4000.0,3926.3213
800.0,757.2415
3200.0,3470.5417
530.0,2140.4868
333.0,467.08026
560.0,646.5714
1250.0,1145.3003
1100.0,1038.3604
1000.0,892.2729
300.0,538.7258
2500.0,2306.106
950.0,1484.077
500.0,463.29068
1800.0,1826.6455
533.0,479.9015
1250.0,1241.4343
950.0,886.1979
1100.0,1291.2712
500.0,814.8891
500.0,566.197
2500.0,2039.0513
5765.0,6328.8564
500.0,662.15295
1400.0,1499.4956
2900.0,2168.2534
1883.0,1900.0603
800.0,661.0666
467.0,475.14767
750.0,605.31085
300.0,435.06876
1835.0,1435.9683
4300.0,3808.9553
2400.0,2327.3894
1260.0,1380.4219
850.0,911.7478
800.0,852.7379
200.0,231.44644
1600.0,1470.7817
1300.0,793.6803
600.0,658.3703
1000.0,539.4894
680.0,679.6201
600.0,700.4084
1100.0,1142.2625
466.0,419.2623
3000.0,2559.838
367.0,342.27448
3200.0,2964.5122
900.0,932.6487
700.0,833.82904
2500.0,2280.248
1800.0,1587.9325
700.0,697.10736
700.0,740.8012
1800.0,1596.768
867.0,967.405
2516.0,2421.469
250.0,348.77377
500.0,550.7233
1600.0,1469.8508
1500.0,1529.639
400.0,622.44476
1600.0,1261.0558
200.0,273.22253
1100.0,939.9749
2000.0,2070.328
900.0,886.16675
300.0,395.48193
1600.0,1897.5425
3100.0,3375.738
300.0,443.25656
1300.0,1311.1926
455.0,498.23322
1600.0,1566.3843
500.0,607.3257
1866.0,2176.8276
435.0,453.9604
320.0,311.21875
900.0,752.8319
1100.0,1150.5001
700.0,654.3172
600.0,599.1394
1200.0,1494.1372
1000.0,1128.5262
550.0,582.2101
800.0,1074.0773
1085.0,1183.9133
300.0,360.83765
600.0,662.68677
600.0,764.5824
1250.0,1185.841
500.0,566.726
1000.0,707.5937
900.0,932.6487
280.0,404.73746
1904.0,2236.1428
800.0,676.8308
380.0,561.1799
700.0,1117.4364
680.0,1023.20215
2200.0,2315.2412
467.0,505.129
1467.0,1638.8613
500.0,781.96277
1467.0,1639.7263
1100.0,1125.1396
665.0,711.03235
1000.0,783.9624
300.0,635.5799
1000.0,1032.5308
450.0,496.78305
1200.0,1162.0696
1650.0,1676.9285
2800.0,2339.7268
750.0,729.65753
1333.0,1035.2738
1500.0,1544.6833
395.0,422.22906
2300.0,2308.599
450.0,377.1281
1460.0,1095.8635
1467.0,1567.3722
1000.0,1477.6683
1000.0,1173.374
800.0,738.42017
750.0,737.2726
350.0,437.78745
333.0,436.61078
667.0,604.17957
723.0,731.12616
1150.0,1105.2489
2300.0,2159.4736
3125.0,2408.0925
1000.0,1558.2279
1100.0,1070.2758
1000.0,936.3385
850.0,712.741
900.0,1228.727
600.0,690.65765
340.0,378.50897
960.0,936.4889
335.0,360.83765
2665.0,2689.9177
1667.0,1442.8739
2067.0,2041.5238
1200.0,1162.0696
1500.0,2429.7961
650.0,902.9804
350.0,575.6324
400.0,515.5999
2135.0,1985.4484
1334.0,1442.8739
800.0,1104.3091
467.0,465.72025
250.0,315.1395
1335.0,1373.2137
1300.0,1321.872
2500.0,2406.7769
1200.0,1162.0696
972.0,1035.6053
1100.0,1016.37573
300.0,309.8407
800.0,462.2205
1100.0,1098.8109
500.0,496.78305
1400.0,1764.1343
900.0,735.46014
2750.0,2858.3645
800.0,934.41266
1400.0,1214.7802
850.0,932.8471
1223.0,920.40955
900.0,875.8306
887.0,876.1777
1250.0,1252.8673
800.0,830.7958
330.0,377.0133
570.0,1218.6345
2449.0,1437.7487
2000.0,2006.7255
700.0,629.8957
1000.0,715.53235
567.0,717.7765
3000.0,2518.0496
300.0,366.71255
1800.0,1529.4078
433.0,416.5684
1200.0,1170.821
1333.0,1353.5134
800.0,966.04144
700.0,718.1962
1800.0,1669.3147
1000.0,1011.8235
794.0,876.51764
750.0,647.2444
1580.0,1698.8777
530.0,537.2752
3220.0,2431.2632
1200.0,1224.6035
1700.0,1701.1888
3500.0,3001.3184
750.0,496.60168
1000.0,834.5695
600.0,645.04895
1600.0,1934.6001
500.0,350.04034
700.0,831.13495
500.0,508.4309
700.0,813.7717
350.0,407.17755
333.0,606.3884
650.0,551.2449
2000.0,1860.8423
880.0,939.45215
500.0,566.72955
1350.0,1324.1958
500.0,579.6419
650.0,586.4446
1300.0,1203.8934
1750.0,2230.7004
400.0,568.44904
366.0,405.16425
800.0,815.15814
3500.0,3237.7388
400.0,510.69397
300.0,346.49057
600.0,746.6791
667.0,696.3255
1600.0,1516.3125
1133.0,1119.5287
700.0,749.3014
3250.0,2420.1375
853.0,759.889
725.0,921.5643
650.0,696.2426
833.0,880.9866
567.0,569.3264
2435.0,2531.3015
2200.0,1649.578
1500.0,1673.6909
1000.0,782.4084
1833.0,1679.1183
933.0,973.31195
500.0,360.2527
800.0,631.46783
900.0,769.28534
3250.0,3047.9934
533.0,622.96375
600.0,529.26965
1650.0,1420.9325
533.0,511.7785
700.0,568.6568
800.0,583.6334
1100.0,1526.9694
1785.0,1755.446
700.0,861.8377
1000.0,1079.2968
365.0,422.46957
1010.0,961.93884
665.0,652.18787
1750.0,1539.2283
1200.0,1183.5322
1202.0,1323.5073
1467.0,1413.4854
3600.0,3258.4019
2000.0,3025.6724
1000.0,1187.7218
1600.0,1766.1174
1900.0,1623.9056
1833.0,1340.5044
550.0,649.416
1000.0,932.00653
1333.0,1290.4315
1200.0,686.6054
2800.0,2479.5083
2200.0,2638.2786
500.0,498.23322
2000.0,1202.6442
600.0,800.649
1900.0,1847.3125
1200.0,1239.5406
700.0,654.3172
1000.0,1138.476
500.0,566.72955
1835.0,1520.777
600.0,575.2252
1000.0,671.22125
833.0,595.6469
1333.0,1454.0017
900.0,1011.9785
610.0,632.1895
500.0,505.7769
500.0,536.5616
985.0,1062.2504
2900.0,3232.5354
2200.0,1782.1383
2000.0,1456.8649
900.0,1017.444
320.0,416.85934
3638.0,3490.8635
800.0,887.40436
3000.0,3181.241
1000.0,1027.3448
1790.0,1382.3646
1154.0,1232.6201
300.0,354.25116
200.0,221.91447
2666.0,2264.0842
400.0,463.76025
660.0,476.7489
1800.0,1949.8062
600.0,767.3787
2000.0,2074.8445
733.0,746.8337
600.0,582.24915
750.0,787.6133
500.0,543.713
1200.0,1445.5967
1000.0,1179.6711
350.0,423.96317
900.0,911.7478
700.0,760.2204
534.0,515.40454
589.0,603.35187
1500.0,1085.4431
1666.0,1667.3757
375.0,433.94858
2000.0,2035.6168
2500.0,2523.8823
833.0,965.4614
450.0,496.57944
800.0,810.37537
400.0,377.1281
500.0,479.18546
1000.0,968.8581
300.0,392.38425
400.0,461.9829
3200.0,2951.566
750.0,851.5219
533.0,664.31146
900.0,543.713
1575.0,1325.7754
450.0,692.53973
1133.0,1199.964
1500.0,1599.7473
850.0,878.38226
700.0,834.9268
1300.0,1162.3015
800.0,729.65753
400.0,382.83557
634.0,641.6911
1700.0,1766.1174
500.0,603.95764
1600.0,1517.8118
500.0,516.8525
833.0,853.18317
1400.0,1038.0175
1300.0,1267.8241
835.0,732.4138
1500.0,2181.9104
1167.0,1230.6525
450.0,439.19406
740.0,783.31305
1000.0,947.31287
2000.0,1803.8678
1600.0,1409.1775
1600.0,1899.5752
1200.0,913.05347
450.0,452.44263
400.0,448.22296
667.0,857.74615
435.0,422.46957
600.0,498.73694
1435.0,1365.8491
650.0,712.2152
1700.0,1587.9325
500.0,407.83344
350.0,456.0583
2200.0,1947.6089
600.0,608.49506
2971.0,3086.7922
550.0,549.1734
1466.0,1172.0928
1000.0,1093.8269
900.0,975.21136
266.0,368.087
666.0,697.74146
293.0,1209.7638
600.0,632.7078
1350.0,1583.7289
835.0,921.1912
1100.0,1011.8235
550.0,719.61096
1300.0,1563.4757
1833.0,1916.9176
550.0,549.1734
350.0,353.20343
400.0,366.14444
500.0,662.68677
500.0,463.52612
300.0,366.14444
800.0,732.15063
475.0,672.01434
300.0,377.1281
374.0,453.43155
3600.0,3594.9329
670.0,732.15063
4000.0,3475.5493
800.0,978.7219
1050.0,902.9804
1134.0,1379.2925
1200.0,1167.6755
1333.0,1497.0044
2600.0,2500.5269
600.0,591.2988
1000.0,1011.8235
1200.0,1337.0315
1100.0,1387.0488
1150.0,1114.5588
700.0,699.72266
1078.0,1259.8234
2773.0,2902.335
